-- phpMyAdmin SQL Dump
-- version 4.8.2
-- https://www.phpmyadmin.net/
--
-- Host: 127.0.0.1
-- Generation Time: Mar 20, 2021 at 07:23 PM
-- Server version: 10.1.34-MariaDB
-- PHP Version: 5.6.37

SET SQL_MODE = "NO_AUTO_VALUE_ON_ZERO";
SET AUTOCOMMIT = 0;
START TRANSACTION;
SET time_zone = "+00:00";


/*!40101 SET @OLD_CHARACTER_SET_CLIENT=@@CHARACTER_SET_CLIENT */;
/*!40101 SET @OLD_CHARACTER_SET_RESULTS=@@CHARACTER_SET_RESULTS */;
/*!40101 SET @OLD_COLLATION_CONNECTION=@@COLLATION_CONNECTION */;
/*!40101 SET NAMES utf8mb4 */;

--
-- Database: `mc_genia`
--

-- --------------------------------------------------------

--
-- Table structure for table `class`
--

CREATE TABLE `class` (
  `name` varchar(100) NOT NULL,
  `total` int(40) NOT NULL,
  `class_id` char(50) NOT NULL,
  `cat_1` varchar(50) NOT NULL DEFAULT 'xxx',
  `cat_2` varchar(50) NOT NULL DEFAULT 'xxx'
) ENGINE=InnoDB DEFAULT CHARSET=latin1;

--
-- Dumping data for table `class`
--

INSERT INTO `class` (`name`, `total`, `class_id`, `cat_1`, `cat_2`) VALUES
('Nursery 1', 2, 'n1', 'Sapphire', ''),
('Nursery 2', 5, 'n2', 'Emerald', ''),
('Primary 1', 7, 'p1', 'Daisy', ''),
('Primary 2', 6, 'p2', 'Tulip', ''),
('Primary 3', 7, 'p3', 'Iris', ''),
('Primary 4', 6, 'p4', 'Aster', ''),
('Primary5', 4, 'p5', 'Gladiolus', ''),
('Primary 6', 0, 'p6', 'Chrysanthemum', ''),
('Pre-Nursery', 3, 's1', 'Diamond', '');

-- --------------------------------------------------------

--
-- Table structure for table `member`
--

CREATE TABLE `member` (
  `sub_id` char(100) NOT NULL,
  `class_id` char(100) NOT NULL,
  `highest_score` double NOT NULL,
  `lowest_score` double NOT NULL,
  `avg` double NOT NULL
) ENGINE=InnoDB DEFAULT CHARSET=latin1;

-- --------------------------------------------------------

--
-- Table structure for table `offer`
--

CREATE TABLE `offer` (
  `reg_no` char(50) NOT NULL,
  `sub_id` char(50) NOT NULL,
  `test1` double NOT NULL DEFAULT '-1',
  `test2` double NOT NULL DEFAULT '-1',
  `exam` double NOT NULL DEFAULT '-1',
  `grade` char(50) NOT NULL DEFAULT 'x',
  `position` int(50) NOT NULL DEFAULT '-1',
  `total` double NOT NULL DEFAULT '-1'
) ENGINE=InnoDB DEFAULT CHARSET=latin1;

--
-- Dumping data for table `offer`
--

INSERT INTO `offer` (`reg_no`, `sub_id`, `test1`, `test2`, `exam`, `grade`, `position`, `total`) VALUES
('MGIS/N/0103', 'com', 20, 20, 60, 'A', -1, 100),
('MGIS/N/0103', 'heal', 20, 20, 60, 'A', -1, 100),
('MGIS/N/0103', 'lang', 20, 20, 60, 'A', -1, 100),
('MGIS/N/0103', 'mora', 20, 20, 58, 'A', -1, 98),
('MGIS/N/0103', 'nume', 20, 20, 60, 'A', -1, 100),
('MGIS/N/0103', 'phon', 20, 20, 60, 'A', -1, 100),
('MGIS/N/0103', 'read', 20, 20, 60, 'A', -1, 100),
('MGIS/N/0103', 'rhym', 20, 20, 60, 'A', -1, 100),
('MGIS/N/0103', 'scie', 20, 20, 58, 'A', -1, 98),
('MGIS/N/0103', 'shap', 20, 19, 60, 'A', -1, 99),
('MGIS/N/0103', 'soci', 20, 20, 60, 'A', -1, 100),
('MGIS/N/0103', 'writ', 20, 20, 60, 'A', -1, 100),
('MGIS/N/0105', 'com', 15, 15, 48, 'B', -1, 78),
('MGIS/N/0105', 'heal', 20, 18, 58, 'A', -1, 96),
('MGIS/N/0105', 'lang', 15, 18, 58, 'A', -1, 91),
('MGIS/N/0105', 'mora', 20, 20, 58, 'A', -1, 98),
('MGIS/N/0105', 'nume', 18, 15, 60, 'A', -1, 93),
('MGIS/N/0105', 'phon', 15, 18, 60, 'A', -1, 93),
('MGIS/N/0105', 'read', 18, 18, 40, 'B', -1, 76),
('MGIS/N/0105', 'rhym', 20, 20, 60, 'A', -1, 100),
('MGIS/N/0105', 'scie', 20, 20, 58, 'A', -1, 98),
('MGIS/N/0105', 'shap', 15, 20, 58, 'A', -1, 93),
('MGIS/N/0105', 'soci', 20, 15, 58, 'A', -1, 93),
('MGIS/N/0105', 'writ', 18, 20, 60, 'A', -1, 98),
('MGIS/N/0107', 'heal', 15, 19, 48, 'A', -1, 82),
('MGIS/N/0107', 'lang', 15, 20, 60, 'A', -1, 95),
('MGIS/N/0107', 'mora', 20, 18, 52, 'A', -1, 90),
('MGIS/N/0107', 'nume', 20, 20, 60, 'A', -1, 100),
('MGIS/N/0107', 'rhym', 18, 20, 30, 'B', -1, 68),
('MGIS/N/0107', 'scie', 20, 15, 50, 'A', -1, 85),
('MGIS/N/0107', 'shap', 15, 19, 45, 'B', -1, 79),
('MGIS/N/0107', 'soci', 20, 18, 48, 'A', -1, 86),
('MGIS/N/0107', 'writ', 20, 20, 50, 'A', -1, 90),
('MGIS/N/0110', 'com', 18, 18, 58, 'A', -1, 94),
('MGIS/N/0110', 'heal', 20, 15, 60, 'A', -1, 95),
('MGIS/N/0110', 'lang', 15, 20, 58, 'A', -1, 93),
('MGIS/N/0110', 'mora', 20, 18, 57, 'A', -1, 95),
('MGIS/N/0110', 'nume', 18, 15, 48, 'A', -1, 81),
('MGIS/N/0110', 'phon', 15, 15, 54, 'A', -1, 84),
('MGIS/N/0110', 'read', 15, 15, 34, 'B', -1, 64),
('MGIS/N/0110', 'rhym', 20, 20, 60, 'A', -1, 100),
('MGIS/N/0110', 'scie', 20, 19, 58, 'A', -1, 97),
('MGIS/N/0110', 'shap', 18, 18, 50, 'A', -1, 86),
('MGIS/N/0110', 'soci', 18, 17, 50, 'A', -1, 85),
('MGIS/N/0110', 'writ', 18, 19, 52, 'A', -1, 89),
('MGIS/N/0113', 'heal', 20, 19, 48, 'A', -1, 87),
('MGIS/N/0113', 'lang', 10, 15, 60, 'A', -1, 85),
('MGIS/N/0113', 'mora', 20, 19, 52, 'A', -1, 91),
('MGIS/N/0113', 'nume', 10, 15, 60, 'A', -1, 85),
('MGIS/N/0113', 'rhym', 20, 20, 30, 'B', -1, 70),
('MGIS/N/0113', 'scie', 20, 15, 50, 'A', -1, 85),
('MGIS/N/0113', 'shap', 15, 18, 40, 'B', -1, 73),
('MGIS/N/0113', 'soci', 20, 18, 60, 'A', -1, 98),
('MGIS/N/0113', 'writ', 20, 18, 45, 'A', -1, 83),
('MGIS/N/0114', 'com', 20, 20, 56, 'A', -1, 96),
('MGIS/N/0114', 'heal', 20, 20, 60, 'A', -1, 100),
('MGIS/N/0114', 'lang', 15, 19, 55, 'A', -1, 89),
('MGIS/N/0114', 'mora', 20, 20, 58, 'A', -1, 98),
('MGIS/N/0114', 'nume', 15, 18, 60, 'A', -1, 93),
('MGIS/N/0114', 'phon', 18, 19, 54, 'A', -1, 91),
('MGIS/N/0114', 'read', 20, 19, 49, 'A', -1, 88),
('MGIS/N/0114', 'rhym', 20, 20, 60, 'A', -1, 100),
('MGIS/N/0114', 'scie', 20, 19, 58, 'A', -1, 97),
('MGIS/N/0114', 'shap', 20, 19, 58, 'A', -1, 97),
('MGIS/N/0114', 'soci', 20, 19, 60, 'A', -1, 99),
('MGIS/N/0114', 'writ', 18, 19, 58, 'A', -1, 95),
('MGIS/N/0115', 'heal', 20, 20, 40, 'A', -1, 80),
('MGIS/N/0115', 'lang', 15, 15, 55, 'A', -1, 85),
('MGIS/N/0115', 'mora', 18, 15, 30, 'B', -1, 63),
('MGIS/N/0115', 'nume', 10, 15, 52, 'B', -1, 77),
('MGIS/N/0115', 'rhym', 15, 15, 45, 'B', -1, 75),
('MGIS/N/0115', 'scie', 20, 18, 55, 'A', -1, 93),
('MGIS/N/0115', 'shap', 15, 15, 40, 'B', -1, 70),
('MGIS/N/0115', 'soci', 20, 20, 52, 'A', -1, 92),
('MGIS/N/0115', 'writ', 10, 10, 30, 'C', -1, 50),
('MGIS/N/0116', 'com', 20, 19, 60, 'A', -1, 99),
('MGIS/N/0116', 'heal', 20, 20, 60, 'A', -1, 100),
('MGIS/N/0116', 'lang', 18, 20, 60, 'A', -1, 98),
('MGIS/N/0116', 'mora', 20, 20, 56, 'A', -1, 96),
('MGIS/N/0116', 'nume', 20, 20, 60, 'A', -1, 100),
('MGIS/N/0116', 'phon', 20, 20, 60, 'A', -1, 100),
('MGIS/N/0116', 'read', 20, 20, 60, 'A', -1, 100),
('MGIS/N/0116', 'rhym', 20, 20, 60, 'A', -1, 100),
('MGIS/N/0116', 'scie', 20, 20, 53, 'A', -1, 93),
('MGIS/N/0116', 'shap', 20, 20, 58, 'A', -1, 98),
('MGIS/N/0116', 'soci', 20, 20, 60, 'A', -1, 100),
('MGIS/N/0116', 'writ', 20, 18, 58, 'A', -1, 96),
('MGIS/N/0117', 'heal', 20, 15, 40, 'B', -1, 75),
('MGIS/N/0117', 'lang', 15, 15, 52, 'A', -1, 82),
('MGIS/N/0117', 'mora', 10, 10, 32, 'C', -1, 52),
('MGIS/N/0117', 'nume', 15, 15, 45, 'B', -1, 75),
('MGIS/N/0117', 'rhym', 15, 15, 42, 'B', -1, 72),
('MGIS/N/0117', 'scie', 20, 15, 52, 'A', -1, 87),
('MGIS/N/0117', 'shap', 15, 15, 45, 'B', -1, 75),
('MGIS/N/0117', 'soci', 20, 20, 54, 'A', -1, 94),
('MGIS/N/0117', 'writ', 10, 10, 20, 'D', -1, 40),
('MGIS/N/0118', 'heal', 20, 15, 30, 'B', -1, 65),
('MGIS/N/0118', 'lang', 15, 15, 56, 'A', -1, 86),
('MGIS/N/0118', 'mora', 20, 10, 30, 'B', -1, 60),
('MGIS/N/0118', 'nume', 15, 15, 55, 'A', -1, 85),
('MGIS/N/0118', 'rhym', 15, 15, 40, 'B', -1, 70),
('MGIS/N/0118', 'scie', 20, 20, 40, 'A', -1, 80),
('MGIS/N/0118', 'shap', 15, 15, 40, 'B', -1, 70),
('MGIS/N/0118', 'soci', 15, 15, 40, 'B', -1, 70),
('MGIS/N/0118', 'writ', 10, 10, 25, 'D', -1, 45),
('MGIS/P/0043', 'agri', 11, 10, 40, 'B', -1, 61),
('MGIS/P/0043', 'basi', 19, 12, 46, 'B', -1, 77),
('MGIS/P/0043', 'bibl', 19, 20, 41, 'A', -1, 80),
('MGIS/P/0043', 'civi', 10, 15, 42, 'B', -1, 67),
('MGIS/P/0043', 'com', 20, 11, 37, 'B', -1, 68),
('MGIS/P/0043', 'crea', 13, 15, 56, 'A', -1, 84),
('MGIS/P/0043', 'engl', 15, 18, 49, 'A', -1, 82),
('MGIS/P/0043', 'hand', 15, 15, 40, 'B', -1, 70),
('MGIS/P/0043', 'heed', 10, 20, 46, 'B', -1, 76),
('MGIS/P/0043', 'hist', 18, 19, 48, 'A', -1, 85),
('MGIS/P/0043', 'home', 20, 20, 52, 'A', -1, 92),
('MGIS/P/0043', 'lite', 17, 18, 37, 'B', -1, 72),
('MGIS/P/0043', 'math', 18, 10, 20, 'D', -1, 48),
('MGIS/P/0043', 'phon', 20, 20, 56, 'A', -1, 96),
('MGIS/P/0043', 'quan', 11, 11, 45, 'B', -1, 67),
('MGIS/P/0043', 'read', 19, 19, 58, 'A', -1, 96),
('MGIS/P/0043', 'sost', 20, 13, 47, 'A', -1, 80),
('MGIS/P/0043', 'spel', 13, 19, 55, 'A', -1, 87),
('MGIS/P/0043', 'verb', 13, 13, 40, 'B', -1, 66),
('MGIS/P/0043', 'voca', 10, 10, 48, 'B', -1, 68),
('MGIS/P/0050', 'agri', 10, 10, 26, 'E', -1, 33),
('MGIS/P/0050', 'basi', 10, 10, 26, 'C', -1, 54),
('MGIS/P/0050', 'bibl', 10, 10, 26, 'C', -1, 59),
('MGIS/P/0050', 'civi', 10, 10, 26, 'C', -1, 53),
('MGIS/P/0050', 'com', 10, 10, 26, 'C', -1, 58),
('MGIS/P/0050', 'crea', 10, 10, 26, 'A', -1, 83),
('MGIS/P/0050', 'engl', 10, 10, 26, 'D', -1, 46),
('MGIS/P/0050', 'hand', 10, 10, 26, 'C', -1, 50),
('MGIS/P/0050', 'heed', 10, 10, 26, 'C', -1, 51),
('MGIS/P/0050', 'hist', 10, 10, 26, 'B', -1, 60),
('MGIS/P/0050', 'home', 10, 10, 26, 'C', -1, 50),
('MGIS/P/0050', 'lite', 10, 10, 26, 'C', -1, 59),
('MGIS/P/0050', 'math', 10, 10, 26, 'B', -1, 67),
('MGIS/P/0050', 'phon', 10, 10, 26, 'B', -1, 78),
('MGIS/P/0050', 'quan', 10, 10, 26, 'D', -1, 40),
('MGIS/P/0050', 'read', 10, 10, 26, 'B', -1, 60),
('MGIS/P/0050', 'sost', 10, 10, 26, 'C', -1, 53),
('MGIS/P/0050', 'spel', 10, 10, 26, 'E', -1, 32),
('MGIS/P/0050', 'verb', 10, 10, 26, 'D', -1, 48),
('MGIS/P/0050', 'voca', 10, 10, 26, 'E', -1, 36),
('MGIS/P/0054', 'agri', 20, 20, 46, 'A', -1, 94),
('MGIS/P/0054', 'basi', 20, 20, 46, 'B', -1, 68),
('MGIS/P/0054', 'bibl', 20, 20, 46, 'B', -1, 64),
('MGIS/P/0054', 'civi', 20, 20, 46, 'A', -1, 84),
('MGIS/P/0054', 'com', 20, 20, 46, 'A', -1, 81),
('MGIS/P/0054', 'crea', 20, 20, 46, 'A', -1, 98),
('MGIS/P/0054', 'engl', 20, 20, 46, 'A', -1, 86),
('MGIS/P/0054', 'hand', 20, 20, 46, 'A', -1, 100),
('MGIS/P/0054', 'heed', 20, 20, 46, 'A', -1, 96),
('MGIS/P/0054', 'hist', 20, 20, 46, 'A', -1, 93),
('MGIS/P/0054', 'home', 20, 20, 46, 'A', -1, 95),
('MGIS/P/0054', 'lite', 20, 20, 46, 'A', -1, 82),
('MGIS/P/0054', 'math', 20, 20, 46, 'D', -1, 45),
('MGIS/P/0054', 'phon', 20, 20, 46, 'A', -1, 94),
('MGIS/P/0054', 'quan', 20, 20, 46, 'A', -1, 90),
('MGIS/P/0054', 'read', 20, 20, 46, 'A', -1, 100),
('MGIS/P/0054', 'sost', 20, 20, 46, 'A', -1, 97),
('MGIS/P/0054', 'spel', 20, 20, 46, 'B', -1, 73),
('MGIS/P/0054', 'verb', 20, 20, 46, 'A', -1, 82),
('MGIS/P/0054', 'voca', 20, 20, 46, 'B', -1, 76),
('MGIS/P/0055', 'agri', 15, 18, 31, 'B', -1, 64),
('MGIS/P/0055', 'basi', 15, 18, 31, 'C', -1, 53),
('MGIS/P/0055', 'bibl', 15, 18, 31, 'B', -1, 69),
('MGIS/P/0055', 'civi', 15, 18, 31, 'C', -1, 56),
('MGIS/P/0055', 'com', 15, 18, 31, 'C', -1, 58),
('MGIS/P/0055', 'crea', 15, 18, 31, 'A', -1, 90),
('MGIS/P/0055', 'engl', 15, 18, 31, 'B', -1, 64),
('MGIS/P/0055', 'hand', 15, 18, 31, 'B', -1, 78),
('MGIS/P/0055', 'heed', 15, 18, 31, 'B', -1, 72),
('MGIS/P/0055', 'hist', 15, 18, 31, 'A', -1, 81),
('MGIS/P/0055', 'home', 15, 18, 31, 'A', -1, 80),
('MGIS/P/0055', 'lite', 15, 18, 31, 'C', -1, 52),
('MGIS/P/0055', 'math', 15, 18, 31, 'B', -1, 79),
('MGIS/P/0055', 'phon', 15, 18, 31, 'B', -1, 74),
('MGIS/P/0055', 'quan', 15, 18, 31, 'B', -1, 66),
('MGIS/P/0055', 'read', 15, 18, 31, 'A', -1, 86),
('MGIS/P/0055', 'sost', 15, 18, 31, 'B', -1, 71),
('MGIS/P/0055', 'spel', 15, 18, 31, 'E', -1, 38),
('MGIS/P/0055', 'verb', 15, 18, 31, 'B', -1, 74),
('MGIS/P/0055', 'voca', 15, 18, 31, 'C', -1, 52),
('MGIS/P/0064', 'agri', 15, 16, 18, 'D', -1, 49),
('MGIS/P/0064', 'basi', 15, 15, 60, 'A', -1, 90),
('MGIS/P/0064', 'bibl', 10, 18, 21, 'D', -1, 49),
('MGIS/P/0064', 'civi', 19, 20, 26, 'B', -1, 65),
('MGIS/P/0064', 'crea', 14, 15, 52, 'A', -1, 81),
('MGIS/P/0064', 'engl', 17, 10, 38, 'B', -1, 65),
('MGIS/P/0064', 'hand', 20, 20, 60, 'A', -1, 100),
('MGIS/P/0064', 'heed', 19, 15, 32, 'B', -1, 66),
('MGIS/P/0064', 'hist', 10, 10, 42, 'B', -1, 62),
('MGIS/P/0064', 'home', 16, 17, 53, 'A', -1, 86),
('MGIS/P/0064', 'lite', 18, 27, 22, 'B', -1, 67),
('MGIS/P/0064', 'math', 15, 13, 37, 'B', -1, 65),
('MGIS/P/0064', 'phon', 17, 20, 53, 'A', -1, 90),
('MGIS/P/0064', 'quan', 19, 19, 16, 'C', -1, 54),
('MGIS/P/0064', 'read', 5, 5, 50, 'B', -1, 60),
('MGIS/P/0064', 'sost', 18, 17, 34, 'B', -1, 69),
('MGIS/P/0064', 'spel', 10, 4, 18, 'E', -1, 32),
('MGIS/P/0064', 'verb', 20, 19, 24, 'B', -1, 63),
('MGIS/P/0064', 'voca', 14, 13, 40, 'B', -1, 67),
('MGIS/P/0066', 'agri', 20, 20, 44, 'A', -1, 84),
('MGIS/P/0066', 'basi', 20, 19, 41, 'A', -1, 80),
('MGIS/P/0066', 'bibl', 19, 19, 40, 'B', -1, 78),
('MGIS/P/0066', 'civi', 20, 20, 51, 'A', -1, 91),
('MGIS/P/0066', 'crea', 18, 20, 60, 'A', -1, 98),
('MGIS/P/0066', 'engl', 18, 17, 47, 'A', -1, 82),
('MGIS/P/0066', 'hand', 20, 20, 60, 'A', -1, 100),
('MGIS/P/0066', 'heed', 20, 18, 55, 'A', -1, 93),
('MGIS/P/0066', 'hist', 15, 15, 60, 'A', -1, 90),
('MGIS/P/0066', 'home', 20, 18, 60, 'A', -1, 98),
('MGIS/P/0066', 'lite', 20, 24, 55, 'A', -1, 99),
('MGIS/P/0066', 'math', 20, 11, 30, 'B', -1, 61),
('MGIS/P/0066', 'phon', 19, 20, 54, 'A', -1, 93),
('MGIS/P/0066', 'quan', 20, 20, 34, 'B', -1, 74),
('MGIS/P/0066', 'read', 20, 20, 60, 'A', -1, 100),
('MGIS/P/0066', 'sost', 19, 20, 46, 'A', -1, 85),
('MGIS/P/0066', 'spel', 16, 19, 51, 'A', -1, 86),
('MGIS/P/0066', 'verb', 20, 20, 46, 'A', -1, 86),
('MGIS/P/0066', 'voca', 17, 19, 45, 'A', -1, 81),
('MGIS/P/0067', 'agri', 19, 20, 49, 'A', -1, 88),
('MGIS/P/0067', 'basi', 19, 19, 41, 'B', -1, 79),
('MGIS/P/0067', 'bibl', 17, 18, 37, 'B', -1, 72),
('MGIS/P/0067', 'civi', 20, 20, 47, 'A', -1, 87),
('MGIS/P/0067', 'crea', 13, 20, 56, 'A', -1, 89),
('MGIS/P/0067', 'engl', 17, 17, 44, 'B', -1, 78),
('MGIS/P/0067', 'hand', 19, 19, 59, 'A', -1, 97),
('MGIS/P/0067', 'heed', 19, 18, 48, 'A', -1, 85),
('MGIS/P/0067', 'hist', 18, 18, 43, 'B', -1, 79),
('MGIS/P/0067', 'home', 18, 19, 58, 'A', -1, 95),
('MGIS/P/0067', 'lite', 20, 20, 57, 'A', -1, 97),
('MGIS/P/0067', 'math', 16, 12, 31, 'C', -1, 59),
('MGIS/P/0067', 'phon', 19, 20, 55, 'A', -1, 94),
('MGIS/P/0067', 'quan', 20, 20, 25, 'B', -1, 65),
('MGIS/P/0067', 'read', 20, 20, 60, 'A', -1, 100),
('MGIS/P/0067', 'sost', 19, 20, 40, 'B', -1, 79),
('MGIS/P/0067', 'spel', 20, 19, 40, 'B', -1, 79),
('MGIS/P/0067', 'verb', 20, 19, 42, 'A', -1, 81),
('MGIS/P/0067', 'voca', 16, 16, 45, 'B', -1, 77),
('MGIS/P/0069', 'agri', 15, 10, 32, 'C', -1, 57),
('MGIS/P/0069', 'basi', 10, 16, 31, 'C', -1, 57),
('MGIS/P/0069', 'bibl', 12, 18, 23, 'C', -1, 53),
('MGIS/P/0069', 'civi', 12, 19, 49, 'A', -1, 80),
('MGIS/P/0069', 'crea', 10, 17, 50, 'B', -1, 77),
('MGIS/P/0069', 'engl', 14, 10, 35, 'C', -1, 59),
('MGIS/P/0069', 'hand', 19, 19, 58, 'A', -1, 96),
('MGIS/P/0069', 'heed', 20, 15, 44, 'B', -1, 79),
('MGIS/P/0069', 'hist', 10, 10, 31, 'C', -1, 51),
('MGIS/P/0069', 'home', 15, 14, 52, 'A', -1, 81),
('MGIS/P/0069', 'lite', 13, 20, 28, 'B', -1, 61),
('MGIS/P/0069', 'math', 18, 10, 32, 'B', -1, 60),
('MGIS/P/0069', 'phon', 17, 20, 53, 'A', -1, 90),
('MGIS/P/0069', 'quan', 20, 20, 24, 'B', -1, 64),
('MGIS/P/0069', 'read', 19, 19, 50, 'A', -1, 88),
('MGIS/P/0069', 'sost', 19, 17, 22, 'C', -1, 58),
('MGIS/P/0069', 'spel', 12, 12, 39, 'B', -1, 63),
('MGIS/P/0069', 'verb', 15, 17, 30, 'B', -1, 62),
('MGIS/P/0069', 'voca', 15, 19, 40, 'B', -1, 74),
('MGIS/P/0070', 'agri', 10, 20, 35, 'B', -1, 65),
('MGIS/P/0070', 'basi', 14, 17, 46, 'B', -1, 77),
('MGIS/P/0070', 'bibl', 13, 19, 38, 'B', -1, 70),
('MGIS/P/0070', 'civi', 18, 20, 33, 'B', -1, 71),
('MGIS/P/0070', 'crea', 13, 10, 53, 'B', -1, 76),
('MGIS/P/0070', 'engl', 18, 19, 44, 'A', -1, 81),
('MGIS/P/0070', 'hand', 18, 18, 54, 'A', -1, 90),
('MGIS/P/0070', 'heed', 20, 17, 40, 'B', -1, 77),
('MGIS/P/0070', 'hist', 15, 15, 35, 'B', -1, 65),
('MGIS/P/0070', 'home', 14, 20, 55, 'A', -1, 89),
('MGIS/P/0070', 'lite', 15, 26, 49, 'A', -1, 90),
('MGIS/P/0070', 'math', 11, 11, 17, 'E', -1, 39),
('MGIS/P/0070', 'phon', 15, 20, 55, 'A', -1, 90),
('MGIS/P/0070', 'quan', 20, 20, 19, 'C', -1, 59),
('MGIS/P/0070', 'read', 20, 20, 60, 'A', -1, 100),
('MGIS/P/0070', 'sost', 19, 17, 46, 'A', -1, 82),
('MGIS/P/0070', 'spel', 10, 15, 46, 'B', -1, 71),
('MGIS/P/0070', 'verb', 10, 10, 30, 'C', -1, 50),
('MGIS/P/0070', 'voca', 19, 16, 40, 'B', -1, 75),
('MGIS/P/0071', 'agri', 12, 10, 26, 'D', -1, 48),
('MGIS/P/0071', 'basi', 7, 10, 20, 'E', -1, 37),
('MGIS/P/0071', 'bibl', 15, 9, 18, 'D', -1, 42),
('MGIS/P/0071', 'civi', 10, 8, 37, 'C', -1, 55),
('MGIS/P/0071', 'crea', 8, 9, 51, 'B', -1, 68),
('MGIS/P/0071', 'engl', 4, 8, 25, 'E', -1, 37),
('MGIS/P/0071', 'hand', 17, 17, 55, 'A', -1, 89),
('MGIS/P/0071', 'heed', 13, 12, 39, 'B', -1, 64),
('MGIS/P/0071', 'hist', 10, 10, 30, 'C', -1, 50),
('MGIS/P/0071', 'home', 18, 12, 41, 'B', -1, 71),
('MGIS/P/0071', 'lite', 10, 25, 22, 'C', -1, 57),
('MGIS/P/0071', 'math', 13, 10, 40, 'B', -1, 63),
('MGIS/P/0071', 'phon', 10, 16, 53, 'B', -1, 79),
('MGIS/P/0071', 'quan', 20, 20, 28, 'B', -1, 68),
('MGIS/P/0071', 'read', 5, 5, 50, 'B', -1, 60),
('MGIS/P/0071', 'sost', 17, 8, 26, 'C', -1, 51),
('MGIS/P/0071', 'spel', 5, 10, 15, 'E', -1, 30),
('MGIS/P/0071', 'verb', 10, 18, 46, 'B', -1, 74),
('MGIS/P/0071', 'voca', 9, 17, 30, 'C', -1, 56),
('MGIS/P/0072', 'agri', 20, 20, 52, 'A', -1, 92),
('MGIS/P/0072', 'basi', 15, 19, 58, 'A', -1, 92),
('MGIS/P/0072', 'bibl', 20, 20, 58, 'A', -1, 98),
('MGIS/P/0072', 'civi', 20, 20, 56, 'A', -1, 96),
('MGIS/P/0072', 'com', 20, 20, 57, 'A', -1, 97),
('MGIS/P/0072', 'crea', 20, 20, 59, 'A', -1, 99),
('MGIS/P/0072', 'engl', 15, 19, 58, 'A', -1, 92),
('MGIS/P/0072', 'hand', 20, 20, 60, 'A', -1, 100),
('MGIS/P/0072', 'heed', 15, 19, 60, 'A', -1, 94),
('MGIS/P/0072', 'hist', 15, 20, 58, 'A', -1, 93),
('MGIS/P/0072', 'home', 20, 20, 40, 'A', -1, 80),
('MGIS/P/0072', 'lite', 15, 20, 59, 'A', -1, 94),
('MGIS/P/0072', 'math', 20, 20, 58, 'A', -1, 98),
('MGIS/P/0072', 'phon', 20, 20, 60, 'A', -1, 100),
('MGIS/P/0072', 'quan', 15, 15, 58, 'A', -1, 88),
('MGIS/P/0072', 'read', 20, 20, 60, 'A', -1, 100),
('MGIS/P/0072', 'sost', 20, 20, 60, 'A', -1, 100),
('MGIS/P/0072', 'spel', 20, 20, 60, 'A', -1, 100),
('MGIS/P/0072', 'verb', 19, 20, 60, 'A', -1, 99),
('MGIS/P/0072', 'voca', 15, 15, 40, 'B', -1, 70),
('MGIS/P/0073', 'agri', 13, 8, 40, 'B', -1, 61),
('MGIS/P/0073', 'basi', 20, 5, 30, 'C', -1, 55),
('MGIS/P/0073', 'bibl', 18, 3, 49, 'B', -1, 70),
('MGIS/P/0073', 'civi', 13, 3, 35, 'C', -1, 51),
('MGIS/P/0073', 'com', 5, 3, 30, 'E', -1, 38),
('MGIS/P/0073', 'crea', 10, 3, 45, 'C', -1, 58),
('MGIS/P/0073', 'engl', 15, 10, 30, 'C', -1, 55),
('MGIS/P/0073', 'hand', 20, 19, 50, 'A', -1, 89),
('MGIS/P/0073', 'heed', 8, 15, 40, 'B', -1, 63),
('MGIS/P/0073', 'hist', 10, 10, 48, 'B', -1, 68),
('MGIS/P/0073', 'home', 6, 15, 40, 'B', -1, 61),
('MGIS/P/0073', 'lite', 10, 5, 10, 'E', -1, 25),
('MGIS/P/0073', 'math', 18, 8, 50, 'B', -1, 76),
('MGIS/P/0073', 'phon', 15, 3, 56, 'B', -1, 74),
('MGIS/P/0073', 'quan', 15, 15, 45, 'B', -1, 75),
('MGIS/P/0073', 'read', 10, 20, 30, 'B', -1, 60),
('MGIS/P/0073', 'sost', 12, 5, 45, 'B', -1, 62),
('MGIS/P/0073', 'spel', 6, 10, 35, 'C', -1, 51),
('MGIS/P/0073', 'verb', 5, 19, 50, 'B', -1, 74),
('MGIS/P/0073', 'voca', 13, 10, 45, 'B', -1, 68),
('MGIS/P/0074', 'agri', 12, 3, 40, 'C', -1, 55),
('MGIS/P/0074', 'basi', 4, 10, 40, 'C', -1, 54),
('MGIS/P/0074', 'bibl', 7, 8, 40, 'C', -1, 55),
('MGIS/P/0074', 'civi', 3, 3, 45, 'C', -1, 51),
('MGIS/P/0074', 'com', 6, 3, 50, 'C', -1, 59),
('MGIS/P/0074', 'crea', 12, 3, 30, 'D', -1, 45),
('MGIS/P/0074', 'engl', 15, 10, 40, 'B', -1, 65),
('MGIS/P/0074', 'hand', 15, 15, 50, 'A', -1, 80),
('MGIS/P/0074', 'heed', 3, 15, 40, 'C', -1, 58),
('MGIS/P/0074', 'hist', 10, 15, 45, 'B', -1, 70),
('MGIS/P/0074', 'home', 15, 15, 40, 'B', -1, 70),
('MGIS/P/0074', 'lite', 10, 18, 15, 'D', -1, 43),
('MGIS/P/0074', 'math', 15, 10, 50, 'B', -1, 75),
('MGIS/P/0074', 'phon', 15, 5, 58, 'B', -1, 78),
('MGIS/P/0074', 'quan', 15, 15, 45, 'B', -1, 75),
('MGIS/P/0074', 'read', 5, 5, 30, 'D', -1, 40),
('MGIS/P/0074', 'sost', 13, 3, 40, 'C', -1, 56),
('MGIS/P/0074', 'spel', 3, 8, 15, 'E', -1, 26),
('MGIS/P/0074', 'verb', 14, 19, 60, 'A', -1, 93),
('MGIS/P/0074', 'voca', 13, 15, 30, 'C', -1, 58),
('MGIS/P/0075', 'agri', 5, 8, 40, 'C', -1, 53),
('MGIS/P/0075', 'basi', 15, 10, 40, 'B', -1, 65),
('MGIS/P/0075', 'bibl', 16, 10, 40, 'B', -1, 66),
('MGIS/P/0075', 'civi', 8, 3, 45, 'C', -1, 56),
('MGIS/P/0075', 'com', 8, 10, 30, 'D', -1, 48),
('MGIS/P/0075', 'crea', 8, 15, 40, 'B', -1, 63),
('MGIS/P/0075', 'engl', 11, 10, 30, 'C', -1, 51),
('MGIS/P/0075', 'hand', 15, 10, 50, 'B', -1, 75),
('MGIS/P/0075', 'heed', 3, 15, 40, 'C', -1, 58),
('MGIS/P/0075', 'hist', 10, 10, 30, 'C', -1, 50),
('MGIS/P/0075', 'home', 14, 10, 40, 'B', -1, 64),
('MGIS/P/0075', 'lite', 10, 10, 20, 'D', -1, 40),
('MGIS/P/0075', 'math', 5, 10, 55, 'B', -1, 70),
('MGIS/P/0075', 'phon', 15, 5, 58, 'B', -1, 78),
('MGIS/P/0075', 'quan', 10, 8, 40, 'C', -1, 58),
('MGIS/P/0075', 'read', 15, 5, 30, 'C', -1, 50),
('MGIS/P/0075', 'sost', 3, 10, 40, 'C', -1, 53),
('MGIS/P/0075', 'spel', 8, 5, 40, 'C', -1, 53),
('MGIS/P/0075', 'verb', 20, 15, 56, 'A', -1, 91),
('MGIS/P/0075', 'voca', 10, 10, 15, 'E', -1, 35),
('MGIS/P/0076', 'agri', 10, 15, 42, 'B', -1, 67),
('MGIS/P/0076', 'basi', 20, 15, 44, 'B', -1, 79),
('MGIS/P/0076', 'bibl', 16, 10, 40, 'B', -1, 66),
('MGIS/P/0076', 'civi', 13, 8, 40, 'B', -1, 61),
('MGIS/P/0076', 'com', 12, 10, 40, 'B', -1, 62),
('MGIS/P/0076', 'crea', 8, 15, 40, 'B', -1, 63),
('MGIS/P/0076', 'engl', 18, 15, 50, 'A', -1, 83),
('MGIS/P/0076', 'hand', 20, 19, 50, 'A', -1, 89),
('MGIS/P/0076', 'heed', 3, 20, 40, 'B', -1, 63),
('MGIS/P/0076', 'hist', 10, 15, 45, 'B', -1, 70),
('MGIS/P/0076', 'home', 15, 20, 40, 'B', -1, 75),
('MGIS/P/0076', 'lite', 15, 15, 20, 'C', -1, 50),
('MGIS/P/0076', 'math', 15, 20, 55, 'A', -1, 90),
('MGIS/P/0076', 'phon', 15, 19, 58, 'A', -1, 92),
('MGIS/P/0076', 'quan', 19, 20, 40, 'B', -1, 79),
('MGIS/P/0076', 'read', 5, 15, 35, 'C', -1, 55),
('MGIS/P/0076', 'sost', 15, 15, 45, 'B', -1, 75),
('MGIS/P/0076', 'spel', 10, 15, 30, 'C', -1, 55),
('MGIS/P/0076', 'verb', 17, 20, 58, 'A', -1, 95),
('MGIS/P/0076', 'voca', 15, 18, 45, 'B', -1, 78),
('MGIS/P/0077', 'agri', 20, 20, 60, 'A', -1, 100),
('MGIS/P/0077', 'basi', 20, 20, 60, 'A', -1, 100),
('MGIS/P/0077', 'bibl', 20, 20, 57, 'A', -1, 97),
('MGIS/P/0077', 'civi', 20, 20, 59, 'A', -1, 99),
('MGIS/P/0077', 'com', 20, 20, 58, 'A', -1, 98),
('MGIS/P/0077', 'crea', 19, 18, 60, 'A', -1, 97),
('MGIS/P/0077', 'engl', 19, 19, 60, 'A', -1, 98),
('MGIS/P/0077', 'hand', 20, 20, 60, 'A', -1, 100),
('MGIS/P/0077', 'heed', 20, 20, 58, 'A', -1, 98),
('MGIS/P/0077', 'hist', 15, 19, 60, 'A', -1, 94),
('MGIS/P/0077', 'home', 20, 20, 60, 'A', -1, 100),
('MGIS/P/0077', 'lite', 20, 20, 58, 'A', -1, 98),
('MGIS/P/0077', 'math', 20, 19, 58, 'A', -1, 97),
('MGIS/P/0077', 'phon', 20, 20, 60, 'A', -1, 100),
('MGIS/P/0077', 'quan', 19, 20, 58, 'A', -1, 97),
('MGIS/P/0077', 'read', 20, 20, 60, 'A', -1, 100),
('MGIS/P/0077', 'sost', 18, 20, 58, 'A', -1, 96),
('MGIS/P/0077', 'spel', 16, 20, 60, 'A', -1, 96),
('MGIS/P/0077', 'verb', 20, 20, 60, 'A', -1, 100),
('MGIS/P/0077', 'voca', 19, 20, 60, 'A', -1, 99),
('MGIS/P/0078', 'agri', 5, 5, 30, 'D', -1, 40),
('MGIS/P/0078', 'basi', 5, 5, 20, 'E', -1, 30),
('MGIS/P/0078', 'bibl', 10, 10, 45, 'B', -1, 65),
('MGIS/P/0078', 'civi', 10, 10, 30, 'C', -1, 50),
('MGIS/P/0078', 'com', 5, 5, 30, 'D', -1, 40),
('MGIS/P/0078', 'crea', 10, 10, 30, 'C', -1, 50),
('MGIS/P/0078', 'engl', 5, 5, 20, 'E', -1, 30),
('MGIS/P/0078', 'hand', 15, 5, 50, 'B', -1, 70),
('MGIS/P/0078', 'heed', 10, 10, 30, 'C', -1, 50),
('MGIS/P/0078', 'hist', 10, 10, 30, 'C', -1, 50),
('MGIS/P/0078', 'home', 5, 5, 30, 'D', -1, 40),
('MGIS/P/0078', 'lite', 5, 5, 10, 'E', -1, 20),
('MGIS/P/0078', 'math', 6, 5, 50, 'B', -1, 61),
('MGIS/P/0078', 'phon', 10, 10, 40, 'B', -1, 60),
('MGIS/P/0078', 'quan', 10, 10, 30, 'C', -1, 50),
('MGIS/P/0078', 'read', 5, 5, 20, 'E', -1, 30),
('MGIS/P/0078', 'sost', 10, 5, 30, 'D', -1, 45),
('MGIS/P/0078', 'spel', 5, 5, 10, 'E', -1, 20),
('MGIS/P/0078', 'verb', 20, 9, 40, 'B', -1, 69),
('MGIS/P/0078', 'voca', 18, 15, 25, 'C', -1, 58),
('MGIS/P/0081', 'agri', 12, 16, 48, 'B', -1, 76),
('MGIS/P/0081', 'basi', 16, 20, 59, 'A', -1, 95),
('MGIS/P/0081', 'bibl', 20, 20, 58, 'A', -1, 98),
('MGIS/P/0081', 'civi', 8, 20, 59, 'A', -1, 87),
('MGIS/P/0081', 'com', 16, 20, 46, 'A', -1, 82),
('MGIS/P/0081', 'crea', 9, 20, 49, 'B', -1, 78),
('MGIS/P/0081', 'engl', 19, 18, 60, 'A', -1, 97),
('MGIS/P/0081', 'hand', 15, 18, 40, 'B', -1, 73),
('MGIS/P/0081', 'heed', 18, 20, 58, 'A', -1, 96),
('MGIS/P/0081', 'hist', 15, 16, 44, 'B', -1, 75),
('MGIS/P/0081', 'home', 18, 20, 19, 'C', -1, 57),
('MGIS/P/0081', 'lite', 15, 20, 50, 'A', -1, 85),
('MGIS/P/0081', 'math', 20, 20, 56, 'A', -1, 96),
('MGIS/P/0081', 'phon', 10, 20, 60, 'A', -1, 90),
('MGIS/P/0081', 'quan', 18, 20, 40, 'B', -1, 78),
('MGIS/P/0081', 'read', 18, 15, 40, 'B', -1, 73),
('MGIS/P/0081', 'sost', 19, 20, 60, 'A', -1, 99),
('MGIS/P/0081', 'spel', 18, 15, 40, 'B', -1, 73),
('MGIS/P/0081', 'verb', 19, 19, 60, 'A', -1, 98),
('MGIS/P/0081', 'voca', 15, 20, 57, 'A', -1, 92),
('MGIS/P/0082', 'agri', 12, 16, 40, 'B', -1, 68),
('MGIS/P/0082', 'basi', 20, 19, 44, 'A', -1, 83),
('MGIS/P/0082', 'bibl', 16, 20, 58, 'A', -1, 94),
('MGIS/P/0082', 'civi', 10, 20, 49, 'B', -1, 79),
('MGIS/P/0082', 'com', 5, 16, 58, 'B', -1, 79),
('MGIS/P/0082', 'crea', 15, 12, 48, 'B', -1, 75),
('MGIS/P/0082', 'engl', 14, 10, 57, 'A', -1, 81),
('MGIS/P/0082', 'hand', 13, 16, 35, 'B', -1, 64),
('MGIS/P/0082', 'heed', 16, 20, 55, 'A', -1, 91),
('MGIS/P/0082', 'hist', 15, 20, 42, 'B', -1, 77),
('MGIS/P/0082', 'home', 18, 20, 52, 'A', -1, 90),
('MGIS/P/0082', 'lite', 15, 20, 50, 'A', -1, 85),
('MGIS/P/0082', 'math', 19, 9, 56, 'A', -1, 84),
('MGIS/P/0082', 'phon', 5, 13, 60, 'B', -1, 78),
('MGIS/P/0082', 'quan', 15, 18, 35, 'B', -1, 68),
('MGIS/P/0082', 'read', 13, 9, 30, 'C', -1, 52),
('MGIS/P/0082', 'sost', 12, 18, 60, 'A', -1, 90),
('MGIS/P/0082', 'spel', 13, 9, 30, 'C', -1, 52),
('MGIS/P/0082', 'verb', 14, 18, 54, 'A', -1, 86),
('MGIS/P/0082', 'voca', 15, 20, 54, 'A', -1, 89),
('MGIS/P/0084', 'agri', 10, 15, 28, 'C', -1, 53),
('MGIS/P/0084', 'basi', 15, 16, 44, 'B', -1, 75),
('MGIS/P/0084', 'bibl', 16, 20, 18, 'C', -1, 54),
('MGIS/P/0084', 'civi', 8, 20, 49, 'B', -1, 77),
('MGIS/P/0084', 'com', 9, 15, 40, 'B', -1, 64),
('MGIS/P/0084', 'crea', 15, 13, 51, 'B', -1, 79),
('MGIS/P/0084', 'engl', 10, 9, 56, 'B', -1, 75),
('MGIS/P/0084', 'hand', 14, 15, 45, 'B', -1, 74),
('MGIS/P/0084', 'heed', 16, 20, 48, 'A', -1, 84),
('MGIS/P/0084', 'hist', 15, 20, 42, 'B', -1, 77),
('MGIS/P/0084', 'home', 15, 20, 42, 'B', -1, 77),
('MGIS/P/0084', 'lite', 15, 19, 34, 'B', -1, 68),
('MGIS/P/0084', 'math', 5, 4, 49, 'C', -1, 58),
('MGIS/P/0084', 'phon', 8, 5, 36, 'D', -1, 49),
('MGIS/P/0084', 'quan', 5, 14, 20, 'E', -1, 39),
('MGIS/P/0084', 'read', 10, 8, 29, 'D', -1, 47),
('MGIS/P/0084', 'sost', 15, 16, 16, 'D', -1, 47),
('MGIS/P/0084', 'spel', 10, 8, 29, 'D', -1, 47),
('MGIS/P/0084', 'verb', 5, 18, 57, 'A', -1, 80),
('MGIS/P/0084', 'voca', 15, 20, 42, 'B', -1, 77),
('MGIS/P/0085', 'agri', 9, 17, 28, 'C', -1, 54),
('MGIS/P/0085', 'basi', 12, 20, 50, 'A', -1, 82),
('MGIS/P/0085', 'bibl', 14, 16, 50, 'A', -1, 80),
('MGIS/P/0085', 'civi', 10, 20, 49, 'B', -1, 79),
('MGIS/P/0085', 'com', 9, 20, 40, 'B', -1, 69),
('MGIS/P/0085', 'crea', 19, 16, 52, 'A', -1, 87),
('MGIS/P/0085', 'engl', 10, 11, 58, 'B', -1, 79),
('MGIS/P/0085', 'hand', 19, 15, 38, 'B', -1, 72),
('MGIS/P/0085', 'heed', 17, 20, 60, 'A', -1, 97),
('MGIS/P/0085', 'hist', 15, 20, 42, 'B', -1, 77),
('MGIS/P/0085', 'home', 9, 20, 50, 'B', -1, 79),
('MGIS/P/0085', 'lite', 15, 20, 52, 'A', -1, 87),
('MGIS/P/0085', 'math', 16, 12, 54, 'A', -1, 82),
('MGIS/P/0085', 'phon', 13, 13, 39, 'B', -1, 65),
('MGIS/P/0085', 'quan', 15, 14, 35, 'B', -1, 64),
('MGIS/P/0085', 'read', 15, 15, 28, 'C', -1, 58),
('MGIS/P/0085', 'sost', 48, 18, 18, 'A', -1, 84),
('MGIS/P/0085', 'spel', 14, 15, 28, 'C', -1, 57),
('MGIS/P/0085', 'verb', 15, 10, 57, 'A', -1, 82),
('MGIS/P/0085', 'voca', 15, 20, 48, 'A', -1, 83),
('MGIS/P/0086', 'agri', 16, 16, 60, 'A', -1, 92),
('MGIS/P/0086', 'basi', 16, 20, 60, 'A', -1, 96),
('MGIS/P/0086', 'bibl', 19, 15, 58, 'A', -1, 92),
('MGIS/P/0086', 'civi', 16, 20, 55, 'A', -1, 91),
('MGIS/P/0086', 'com', 10, 20, 46, 'B', -1, 76),
('MGIS/P/0086', 'crea', 14, 20, 50, 'A', -1, 84),
('MGIS/P/0086', 'engl', 20, 19, 60, 'A', -1, 99),
('MGIS/P/0086', 'hand', 15, 17, 40, 'B', -1, 72),
('MGIS/P/0086', 'heed', 20, 20, 60, 'A', -1, 100),
('MGIS/P/0086', 'hist', 15, 20, 40, 'B', -1, 75),
('MGIS/P/0086', 'home', 16, 20, 52, 'A', -1, 88),
('MGIS/P/0086', 'lite', 15, 20, 50, 'A', -1, 85),
('MGIS/P/0086', 'math', 20, 15, 56, 'A', -1, 91),
('MGIS/P/0086', 'phon', 18, 18, 60, 'A', -1, 96),
('MGIS/P/0086', 'quan', 18, 20, 18, 'C', -1, 56),
('MGIS/P/0086', 'read', 18, 20, 40, 'B', -1, 78),
('MGIS/P/0086', 'sost', 58, 16, 20, 'A', -1, 94),
('MGIS/P/0086', 'spel', 18, 20, 40, 'B', -1, 78),
('MGIS/P/0086', 'verb', 18, 18, 54, 'A', -1, 90),
('MGIS/P/0086', 'voca', 15, 20, 57, 'A', -1, 92),
('MGIS/P/0087', 'agri', 10, 16, 25, 'C', -1, 51),
('MGIS/P/0087', 'basi', 15, 20, 51, 'A', -1, 86),
('MGIS/P/0087', 'bibl', 15, 15, 50, 'A', -1, 80),
('MGIS/P/0087', 'civi', 20, 20, 49, 'A', -1, 89),
('MGIS/P/0087', 'com', 10, 20, 40, 'B', -1, 70),
('MGIS/P/0087', 'crea', 19, 5, 52, 'B', -1, 76),
('MGIS/P/0087', 'engl', 17, 11, 59, 'A', -1, 87),
('MGIS/P/0087', 'hand', 18, 18, 50, 'A', -1, 86),
('MGIS/P/0087', 'heed', 18, 16, 60, 'A', -1, 94),
('MGIS/P/0087', 'hist', 16, 20, 42, 'B', -1, 78),
('MGIS/P/0087', 'home', 15, 15, 50, 'A', -1, 80),
('MGIS/P/0087', 'lite', 15, 20, 52, 'A', -1, 87),
('MGIS/P/0087', 'math', 14, 12, 40, 'B', -1, 66),
('MGIS/P/0087', 'phon', 10, 10, 54, 'B', -1, 74),
('MGIS/P/0087', 'quan', 15, 12, 40, 'B', -1, 67),
('MGIS/P/0087', 'read', 8, 6, 20, 'E', -1, 34),
('MGIS/P/0087', 'sost', 50, 15, 20, 'A', -1, 85),
('MGIS/P/0087', 'spel', 8, 6, 20, 'E', -1, 34),
('MGIS/P/0087', 'verb', 10, 10, 57, 'B', -1, 77),
('MGIS/P/0087', 'voca', 15, 20, 48, 'A', -1, 83),
('MGIS/P/0088', 'agri', 18, 15, 53, 'A', -1, 86),
('MGIS/P/0088', 'basi', 20, 18, 46, 'A', -1, 84),
('MGIS/P/0088', 'bibl', 12, 15, 56, 'A', -1, 83),
('MGIS/P/0088', 'civi', 20, 20, 49, 'A', -1, 89),
('MGIS/P/0088', 'com', 20, 18, 49, 'A', -1, 87),
('MGIS/P/0088', 'crea', 18, 5, 56, 'B', -1, 79),
('MGIS/P/0088', 'engl', 20, 20, 55, 'A', -1, 95),
('MGIS/P/0088', 'hand', 18, 19, 60, 'A', -1, 97),
('MGIS/P/0088', 'home', 16, 20, 46, 'A', -1, 82),
('MGIS/P/0088', 'lite', 13, 20, 60, 'A', -1, 93),
('MGIS/P/0088', 'math', 20, 20, 58, 'A', -1, 98),
('MGIS/P/0088', 'phon', 5, 18, 59, 'A', -1, 82),
('MGIS/P/0088', 'quan', 19, 13, 38, 'B', -1, 70),
('MGIS/P/0088', 'read', 15, 10, 50, 'B', -1, 75),
('MGIS/P/0088', 'sost', 19, 18, 58, 'A', -1, 95),
('MGIS/P/0088', 'spel', 20, 16, 60, 'A', -1, 96),
('MGIS/P/0088', 'verb', 18, 19, 40, 'B', -1, 77),
('MGIS/P/0088', 'voca', 5, 10, 50, 'B', -1, 65),
('MGIS/P/0089', 'agri', 20, 13, 39, 'B', -1, 72),
('MGIS/P/0089', 'basi', 20, 17, 60, 'A', -1, 97),
('MGIS/P/0089', 'bibl', 15, 15, 58, 'A', -1, 88),
('MGIS/P/0089', 'civi', 18, 17, 47, 'A', -1, 82),
('MGIS/P/0089', 'com', 18, 10, 46, 'B', -1, 74),
('MGIS/P/0089', 'crea', 10, 17, 32, 'C', -1, 59),
('MGIS/P/0089', 'engl', 16, 20, 48, 'A', -1, 84),
('MGIS/P/0089', 'hand', 17, 19, 30, 'B', -1, 66),
('MGIS/P/0089', 'home', 20, 18, 48, 'A', -1, 86),
('MGIS/P/0089', 'lite', 10, 20, 45, 'B', -1, 75),
('MGIS/P/0089', 'math', 16, 19, 55, 'A', -1, 90),
('MGIS/P/0089', 'phon', 19, 18, 44, 'A', -1, 81),
('MGIS/P/0089', 'quan', 20, 20, 40, 'A', -1, 80),
('MGIS/P/0089', 'read', 10, 13, 40, 'B', -1, 63),
('MGIS/P/0089', 'sost', 16, 20, 46, 'A', -1, 82),
('MGIS/P/0089', 'spel', 20, 14, 54, 'A', -1, 88),
('MGIS/P/0089', 'verb', 20, 18, 45, 'A', -1, 83),
('MGIS/P/0089', 'voca', 20, 10, 40, 'B', -1, 70),
('MGIS/P/0090', 'agri', 5, 5, 27, 'E', -1, 37),
('MGIS/P/0090', 'basi', 12, 11, 27, 'C', -1, 50),
('MGIS/P/0090', 'bibl', 8, 8, 18, 'E', -1, 34),
('MGIS/P/0090', 'civi', 8, 5, 27, 'D', -1, 40),
('MGIS/P/0090', 'com', 10, 10, 25, 'D', -1, 45),
('MGIS/P/0090', 'crea', 18, 18, 40, 'B', -1, 76),
('MGIS/P/0090', 'engl', 10, 9, 35, 'C', -1, 54),
('MGIS/P/0090', 'hand', 10, 10, 40, 'B', -1, 60),
('MGIS/P/0090', 'home', 16, 18, 36, 'B', -1, 70),
('MGIS/P/0090', 'lite', 10, 19, 32, 'B', -1, 61),
('MGIS/P/0090', 'math', 8, 15, 30, 'C', -1, 53),
('MGIS/P/0090', 'phon', 10, 5, 31, 'D', -1, 46),
('MGIS/P/0090', 'quan', 5, 5, 28, 'E', -1, 38),
('MGIS/P/0090', 'read', 10, 10, 10, 'E', -1, 30),
('MGIS/P/0090', 'sost', 12, 3, 41, 'C', -1, 56),
('MGIS/P/0090', 'spel', 10, 8, 14, 'E', -1, 32),
('MGIS/P/0090', 'verb', 5, 5, 40, 'C', -1, 50),
('MGIS/P/0090', 'voca', 5, 5, 48, 'C', -1, 58),
('MGIS/P/0091', 'agri', 3, 5, 32, 'D', -1, 40),
('MGIS/P/0091', 'basi', 3, 10, 26, 'E', -1, 39),
('MGIS/P/0091', 'bibl', 5, 5, 12, 'E', -1, 22),
('MGIS/P/0091', 'civi', 5, 8, 20, 'E', -1, 33),
('MGIS/P/0091', 'com', 10, 11, 12, 'E', -1, 33),
('MGIS/P/0091', 'crea', 8, 10, 15, 'E', -1, 33),
('MGIS/P/0091', 'engl', 5, 8, 28, 'D', -1, 41),
('MGIS/P/0091', 'hand', 19, 15, 30, 'B', -1, 64),
('MGIS/P/0091', 'home', 5, 15, 15, 'E', -1, 35),
('MGIS/P/0091', 'lite', 8, 18, 13, 'E', -1, 39),
('MGIS/P/0091', 'math', 20, 8, 10, 'E', -1, 38),
('MGIS/P/0091', 'phon', 5, 5, 22, 'E', -1, 32),
('MGIS/P/0091', 'quan', 5, 5, 20, 'E', -1, 30),
('MGIS/P/0091', 'read', 10, 10, 10, 'E', -1, 30),
('MGIS/P/0091', 'sost', 3, 10, 35, 'D', -1, 48),
('MGIS/P/0091', 'spel', 10, 10, 10, 'E', -1, 30),
('MGIS/P/0091', 'verb', 10, 10, 46, 'B', -1, 66),
('MGIS/P/0091', 'voca', 19, 18, 30, 'B', -1, 67),
('MGIS/P/0092', 'agri', 20, 19, 56, 'A', -1, 95),
('MGIS/P/0092', 'basi', 20, 20, 60, 'A', -1, 100),
('MGIS/P/0092', 'bibl', 20, 20, 60, 'A', -1, 100),
('MGIS/P/0092', 'civi', 19, 20, 52, 'A', -1, 91),
('MGIS/P/0092', 'com', 19, 20, 25, 'B', -1, 64),
('MGIS/P/0092', 'crea', 20, 18, 50, 'A', -1, 88),
('MGIS/P/0092', 'engl', 20, 20, 58, 'A', -1, 98),
('MGIS/P/0092', 'hand', 19, 19, 58, 'A', -1, 96),
('MGIS/P/0092', 'home', 20, 19, 60, 'A', -1, 99),
('MGIS/P/0092', 'lite', 18, 20, 60, 'A', -1, 98),
('MGIS/P/0092', 'math', 20, 20, 58, 'A', -1, 98),
('MGIS/P/0092', 'phon', 20, 19, 59, 'A', -1, 98),
('MGIS/P/0092', 'quan', 20, 18, 53, 'A', -1, 91),
('MGIS/P/0092', 'read', 18, 18, 55, 'A', -1, 91),
('MGIS/P/0092', 'sost', 16, 20, 60, 'A', -1, 96),
('MGIS/P/0092', 'spel', 18, 20, 58, 'A', -1, 96),
('MGIS/P/0092', 'verb', 20, 19, 55, 'A', -1, 94),
('MGIS/P/0092', 'voca', 19, 18, 58, 'A', -1, 95),
('MGIS/P/0093', 'agri', 14, 15, 32, 'B', -1, 61),
('MGIS/P/0093', 'basi', 16, 19, 36, 'B', -1, 71),
('MGIS/P/0093', 'bibl', 9, 18, 48, 'B', -1, 75),
('MGIS/P/0093', 'civi', 16, 15, 40, 'B', -1, 71),
('MGIS/P/0093', 'com', 19, 10, 25, 'C', -1, 54),
('MGIS/P/0093', 'crea', 13, 10, 33, 'C', -1, 56),
('MGIS/P/0093', 'engl', 20, 18, 53, 'A', -1, 91),
('MGIS/P/0093', 'hand', 13, 10, 35, 'C', -1, 58),
('MGIS/P/0093', 'home', 19, 20, 43, 'A', -1, 82),
('MGIS/P/0093', 'lite', 13, 20, 53, 'A', -1, 86),
('MGIS/P/0093', 'math', 16, 15, 56, 'A', -1, 87),
('MGIS/P/0093', 'phon', 20, 19, 56, 'A', -1, 95),
('MGIS/P/0093', 'quan', 20, 10, 52, 'A', -1, 82),
('MGIS/P/0093', 'read', 10, 10, 40, 'B', -1, 60),
('MGIS/P/0093', 'sost', 20, 10, 46, 'B', -1, 76),
('MGIS/P/0093', 'spel', 19, 12, 56, 'A', -1, 87),
('MGIS/P/0093', 'verb', 20, 18, 49, 'A', -1, 87),
('MGIS/P/0093', 'voca', 18, 15, 48, 'A', -1, 81),
('MGIS/P/0095', 'agri', 8, 19, 55, 'A', -1, 82),
('MGIS/P/0095', 'basi', 16, 15, 45, 'B', -1, 76),
('MGIS/P/0095', 'bibl', 12, 13, 40, 'B', -1, 65),
('MGIS/P/0095', 'civi', 19, 13, 31, 'B', -1, 63),
('MGIS/P/0095', 'com', 19, 18, 34, 'B', -1, 71),
('MGIS/P/0095', 'crea', 13, 19, 39, 'B', -1, 71),
('MGIS/P/0095', 'engl', 20, 18, 46, 'A', -1, 84),
('MGIS/P/0095', 'hand', 10, 15, 30, 'C', -1, 55),
('MGIS/P/0095', 'home', 20, 18, 39, 'B', -1, 77),
('MGIS/P/0095', 'lite', 10, 18, 53, 'A', -1, 81),
('MGIS/P/0095', 'math', 16, 18, 45, 'B', -1, 79),
('MGIS/P/0095', 'phon', 15, 14, 35, 'B', -1, 64),
('MGIS/P/0095', 'quan', 16, 14, 45, 'B', -1, 75),
('MGIS/P/0095', 'read', 10, 10, 35, 'C', -1, 55),
('MGIS/P/0095', 'sost', 20, 18, 34, 'B', -1, 72),
('MGIS/P/0095', 'spel', 19, 10, 10, 'E', -1, 39),
('MGIS/P/0095', 'verb', 20, 16, 40, 'B', -1, 76),
('MGIS/P/0095', 'voca', 19, 13, 56, 'A', -1, 88);

-- --------------------------------------------------------

--
-- Table structure for table `psychomotor`
--

CREATE TABLE `psychomotor` (
  `reg_no` varchar(100) NOT NULL,
  `a1` int(20) NOT NULL,
  `a2` int(20) NOT NULL,
  `a3` int(20) NOT NULL,
  `a4` int(20) NOT NULL,
  `a5` int(20) NOT NULL,
  `a6` int(20) NOT NULL,
  `a7` int(20) NOT NULL,
  `a8` int(20) NOT NULL,
  `a9` int(20) NOT NULL,
  `a10` int(20) NOT NULL,
  `fee` int(20) NOT NULL,
  `remark` varchar(100) NOT NULL,
  `hremark` varchar(100) NOT NULL
) ENGINE=InnoDB DEFAULT CHARSET=latin1;

--
-- Dumping data for table `psychomotor`
--

INSERT INTO `psychomotor` (`reg_no`, `a1`, `a2`, `a3`, `a4`, `a5`, `a6`, `a7`, `a8`, `a9`, `a10`, `fee`, `remark`, `hremark`) VALUES
('MGIS/N/0103', 1, 1, 1, 1, 1, 1, 1, 1, 1, 1, 10870, 'An Excellent Result', 'Outstanding performance. Keep it up'),
('MGIS/N/0105', 2, 1, 1, 1, 1, 1, 2, 1, 1, 1, 0, 'An Excellent Performance', 'Excellent result'),
('MGIS/N/0107', 1, 2, 1, 1, 1, 2, 1, 2, 1, 4, 21500, 'Excellent', 'Excellent performance'),
('MGIS/N/0110', 2, 2, 2, 2, 2, 2, 1, 2, 2, 2, 0, 'Excellent Result', 'An Excellent Performance. Keep it up'),
('MGIS/N/0113', 2, 1, 1, 2, 1, 4, 1, 4, 1, 5, 0, 'Excellent', 'Excellent performance '),
('MGIS/N/0114', 2, 2, 2, 1, 1, 2, 1, 2, 1, 4, 3820, 'Excellent result, but talks a lot', 'An excellent performance'),
('MGIS/N/0115', 4, 2, 1, 2, 2, 4, 5, 4, 4, 2, 0, 'He is coming up, will do better', 'Excellent Result'),
('MGIS/N/0116', 1, 1, 1, 1, 1, 1, 1, 1, 1, 1, 0, 'Excellent result', 'Outstanding Performance. Keep it up'),
('MGIS/N/0117', 1, 1, 1, 2, 1, 1, 1, 2, 1, 2, 70000, 'A very sharp girl and eager to learn', 'Very Good Result'),
('MGIS/N/0118', 2, 1, 1, 1, 1, 1, 1, 1, 1, 1, 0, 'Wonderful performance, keep it up', 'Very good result'),
('MGIS/P/0043', 2, 1, 1, 1, 1, 2, 1, 1, 1, 1, 0, 'Good result. But can do better', 'Excellent result. Well done'),
('MGIS/P/0050', 2, 2, 2, 2, 2, 2, 1, 2, 1, 2, 0, 'Good result. Need to improve in Reading & Writing', 'A good result'),
('MGIS/P/0054', 1, 1, 1, 1, 1, 1, 1, 1, 1, 1, 8630, 'Excellent result. A bright Child', 'An excellent performance. Keep it up'),
('MGIS/P/0055', 2, 2, 2, 2, 2, 2, 1, 2, 1, 2, 0, 'Good result but need to improve on Reading & Spelling', 'A very good result'),
('MGIS/P/0064', 2, 2, 2, 2, 2, 2, 1, 2, 1, 2, 0, 'Good result', 'A very Good'),
('MGIS/P/0066', 1, 1, 1, 1, 1, 1, 1, 1, 1, 1, 387100, 'A Brilliant Child', 'An Outstanding performance. Keep            It Up.'),
('MGIS/P/0067', 1, 1, 1, 1, 1, 1, 1, 1, 1, 1, 0, 'Excellent result', 'An excellent performance. Keep it up.'),
('MGIS/P/0069', 2, 1, 1, 1, 1, 1, 1, 1, 1, 1, 0, 'Good result', 'A very good performance. Well done'),
('MGIS/P/0070', 1, 1, 1, 1, 1, 1, 1, 1, 1, 1, 70000, 'An intelligent and calm girl', 'An excellent result'),
('MGIS/P/0071', 1, 2, 2, 2, 2, 1, 1, 2, 1, 2, 138760, 'Good result. Can do better', 'A very good result. There is room for improvement'),
('MGIS/P/0073', 2, 1, 2, 2, 2, 2, 1, 2, 1, 2, 0, 'Put more effort on Reading & Spelling', 'A very good result. Well done'),
('MGIS/P/0074', 1, 2, 2, 2, 2, 1, 1, 2, 1, 2, 0, 'Need to improve on Reading $ Spelling', 'A very good result'),
('MGIS/P/0075', 2, 1, 1, 1, 1, 1, 1, 1, 1, 1, 0, 'She need to improve in Reading & Spelling', 'A good result'),
('MGIS/P/0076', 1, 1, 1, 1, 1, 2, 1, 1, 1, 1, 0, 'A good result', 'A very good result. Well done'),
('MGIS/P/0077', 2, 1, 1, 1, 1, 1, 1, 1, 1, 1, 570, 'An Excellent Result', 'An Excellent performance. Keep it up'),
('MGIS/P/0078', 3, 3, 3, 3, 3, 3, 3, 3, 1, 3, 0, 'Needs to improve', 'Average. Can do better'),
('MGIS/P/0081', 1, 1, 1, 1, 1, 1, 1, 1, 1, 1, 0, 'An Excellent Result', 'An Excellent Performance. Keep it up'),
('MGIS/P/0082', 1, 1, 1, 1, 1, 1, 1, 1, 1, 1, 0, 'Very                       good result', 'Excellent. Keep it up'),
('MGIS/P/0084', 2, 2, 2, 2, 2, 2, 1, 2, 1, 2, 0, 'Good result', 'A very good result'),
('MGIS/P/0085', 1, 1, 1, 1, 1, 1, 1, 1, 1, 1, 0, 'Excellent result ', 'An Excellent performance. Well done'),
('MGIS/P/0086', 1, 1, 1, 1, 1, 1, 1, 1, 1, 1, 0, 'An Excellent result. He is very good', 'Outstanding performance. Bravo'),
('MGIS/P/0087', 2, 1, 1, 1, 1, 1, 1, 1, 1, 1, 0, 'Good result.                   you can do better', 'Very good result'),
('MGIS/P/0088', 2, 2, 1, 1, 4, 1, 1, 2, 1, 2, 0, 'Excellent result, she talks and plays too much', 'An excellent result'),
('MGIS/P/0089]', 1, 1, 2, 1, 1, 1, 1, 5, 1, 1, 0, 'An intelligent child,but plays alot', 'An excellent Result'),
('MGIS/P/0090', 5, 5, 5, 2, 2, 1, 1, 1, 3, 2, 0, 'There is great improvement but she fights a lot', 'A good result, try harder'),
('MGIS/P/0091', 3, 3, 3, 3, 3, 3, 3, 3, 2, 3, 0, 'He needs to work harder', 'He needs to work harder. Let\'s help him out'),
('MGIS/P/0092', 2, 1, 1, 1, 1, 1, 1, 1, 2, 1, 0, 'Excellent result.', 'An Excellent Performance. Keep it up.'),
('MGIS/P/0093', 1, 4, 2, 1, 1, 1, 1, 2, 2, 1, 0, 'A good performance ', 'A very good result'),
('MGIS/P/0095', 2, 2, 2, 2, 2, 2, 2, 2, 3, 2, 0, 'A good result. put more effort.', 'A good result. well done.'),
('[MGIS/P/0072', 2, 5, 1, 1, 1, 1, 1, 1, 1, 1, 0, 'Excellent result', 'An Excellent performance. Keep it up.');

-- --------------------------------------------------------

--
-- Table structure for table `student`
--

CREATE TABLE `student` (
  `reg_no` varchar(100) NOT NULL,
  `first_name` varchar(100) NOT NULL,
  `other_name` varchar(100) NOT NULL,
  `surname` varchar(100) NOT NULL,
  `grade` char(5) NOT NULL,
  `total_score` double NOT NULL,
  `attendance` int(11) NOT NULL,
  `class` char(50) NOT NULL,
  `gender` char(10) NOT NULL,
  `class_cat` varchar(50) NOT NULL
) ENGINE=InnoDB DEFAULT CHARSET=latin1;

--
-- Dumping data for table `student`
--

INSERT INTO `student` (`reg_no`, `first_name`, `other_name`, `surname`, `grade`, `total_score`, `attendance`, `class`, `gender`, `class_cat`) VALUES
('MGIS/N/0103', 'Abigail', '', 'Lucky-Nwenu', 'x', 0, 120, 'n2', 'm', 'Emerald'),
('MGIS/N/0105', 'Excel', '', 'Jiachi', 'x', 0, 96, 'n2', 'f', 'Emerald'),
('MGIS/N/0107', 'Shedrach', '', 'Chukwu', 'x', 0, 100, 'n1', 'm', 'Sapphire'),
('MGIS/N/0110', 'Chisom', '', 'Innocent', 'x', 0, 118, 'n2', 'f', 'Emerald'),
('MGIS/N/0113', 'Ikechukwu', '', 'Obed-Umelo', 'x', 0, 90, 'n1', 'm', 'Sapphire'),
('MGIS/N/0114', 'Flourish', '', 'Adebua', 'x', 0, 93, 'n2', 'f', 'Emerald'),
('MGIS/N/0115', 'Chukwuka', '', 'Innocent', 'x', 0, 118, 's1', 'm', 'Diamond'),
('MGIS/N/0116', 'Uriel U. K', '', 'Udoh', 'x', 0, 118, 'n2', 'm', 'Emerald'),
('MGIS/N/0117', 'Princess', '', 'Ugochukwu', 'x', 0, 90, 's1', 'f', 'Diamond'),
('MGIS/N/0118', 'Pearl', '', 'Jiachi', 'x', 0, 98, 's1', 'f', 'Diamond'),
('MGIS/P/0043', 'Munachi', '', 'Dike', 'x', 0, 106, 'p5', 'f', 'Gladiolus'),
('MGIS/P/0050', 'Joseph', '', 'Koredegha', 'x', 0, 118, 'p5', 'm', 'Gladiolus'),
('MGIS/P/0054', 'Blessing', '', 'Olatunde', 'x', 0, 108, 'p5', 'f', 'Gladiolus'),
('MGIS/P/0055', 'David', '', 'Hezekiah', 'x', 0, 118, 'p5', 'm', 'Gladiolus'),
('MGIS/P/0064', 'Success', '', 'Gbenegbara', 'x', 0, 120, 'p4', 'f', 'Aster'),
('MGIS/P/0066', 'Deborah', '', 'Adebola', 'x', 0, 118, 'p4', 'f', 'Aster'),
('MGIS/P/0067', 'Esther', '', 'Adebola', 'x', 0, 118, 'p4', 'f', 'Aster'),
('MGIS/P/0069', 'Divine', '', 'Innocent', 'x', 0, 118, 'p4', 'f', 'Aster'),
('MGIS/P/0070', 'Praise', '', 'Ugochukwu', 'x', 0, 114, 'p4', 'f', 'Aster'),
('MGIS/P/0071', 'Biola', '', 'Oladipupo', 'x', 0, 108, 'p4', 'm', 'Aster'),
('MGIS/P/0072', 'Miracle', '', 'Chukwu', 'x', 0, 98, 'p3', 'f', 'Iris'),
('MGIS/P/0073', 'Ihuoma', '', 'Dike', 'x', 0, 106, 'p3', 'm', 'Iris'),
('MGIS/P/0074', 'Anita', '', 'Koredegha', 'x', 0, 118, 'p3', 'f', 'Iris'),
('MGIS/P/0075', 'Divine-Favour', '', 'Sunny', 'x', 0, 106, 'p3', 'f', 'Iris'),
('MGIS/P/0076', 'Tehila', '', 'Oyibo', 'x', 0, 118, 'p3', 'f', 'Iris'),
('MGIS/P/0077', 'Miracle', '', 'Obed-Umelo', 'x', 0, 96, 'p3', 'm', 'Iris'),
('MGIS/P/0078', 'Eniola', '', 'Oladipupo', 'x', 0, 106, 'p3', 'm', 'Iris'),
('MGIS/P/0081', 'Success', '', 'Innocent', 'x', 0, 118, 'p2', 'f', 'Tulip'),
('MGIS/P/0082', 'Chisom', '', 'Iloka', 'x', 0, 120, 'p2', 'f', 'Tulip'),
('MGIS/P/0084', 'Blessing', '', 'Sunny', 'x', 0, 106, 'p2', 'm', 'Tulip'),
('MGIS/P/0085', 'Grace', '', 'Olatunde', 'x', 0, 108, 'p2', 'f', 'Tulip'),
('MGIS/P/0086', 'Joseph', '', 'Lucky-Nwenu', 'x', 0, 120, 'p2', 'm', 'Tulip'),
('MGIS/P/0087', 'Mirabel', '', 'Offorma', 'x', 0, 120, 'p2', 'f', 'Tulip'),
('MGIS/P/0088', 'Sonia', '', 'Chukwu', 'x', 0, 98, 'p1', 'f', 'Daisy'),
('MGIS/P/0089', 'Kelvin', '', 'Hezekiah', 'x', 0, 118, 'p1', 'm', 'Daisy'),
('MGIS/P/0090', 'Rejoice', '', 'Ugochukwu', 'x', 0, 114, 'p1', 'f', 'Daisy'),
('MGIS/P/0091', 'Damola', '', 'Oladipupo', 'x', 0, 106, 'p1', 'm', 'Daisy'),
('MGIS/P/0092', 'Nmesomachi', '', 'Obed-Umelo', 'x', 0, 96, 'p1', 'f', 'Daisy'),
('MGIS/P/0093', 'Munachimso', '', 'Iloka', 'x', 0, 120, 'p1', 'm', 'Daisy'),
('MGIS/P/0095', 'Jesse', '', 'Oyibo', 'x', 0, 118, 'p1', 'm', 'Daisy');

-- --------------------------------------------------------

--
-- Table structure for table `subject`
--

CREATE TABLE `subject` (
  `name` varchar(200) NOT NULL,
  `sub_id` char(50) NOT NULL,
  `max_score` int(11) NOT NULL,
  `avg_score` double NOT NULL
) ENGINE=InnoDB DEFAULT CHARSET=latin1;

--
-- Dumping data for table `subject`
--

INSERT INTO `subject` (`name`, `sub_id`, `max_score`, `avg_score`) VALUES
('Agric Science', 'agri', 100, 100),
('Basic Science', 'basi', 100, 100),
('Bible Knowledge', 'bibl', 100, 100),
('Civic Education', 'civi', 100, 100),
('Computer', 'com', 100, 100),
('Creative/Fine Arts', 'crea', 100, 100),
('Current Affairs', 'curr', 100, 100),
('English Language', 'engl', 100, 100),
('French', 'Fren', 100, 100),
('Hand Writing', 'hand', 100, 100),
('Health Habit', 'heal', 100, 100),
('Health Education', 'heed', 100, 100),
('History', 'hist', 100, 100),
('Home Economics', 'home', 100, 100),
('Language Arts', 'lang', 100, 100),
('Literature', 'lite', 100, 100),
('Mathematics', 'math', 100, 100),
('Morals', 'mora', 100, 100),
('Numeracy', 'nume', 100, 100),
('Phonics', 'phon', 100, 100),
('Phonetics', 'pont', 100, 100),
('Quantitative Reasoning', 'quan', 100, 100),
('Reading', 'read', 100, 100),
('Rhymes', 'rhym', 100, 100),
('Science', 'scie', 100, 100),
('Shapes & Colors', 'shap', 100, 100),
('Social Habit', 'soci', 100, 100),
('Social Studies', 'sost', 100, 100),
('Spelling & Dictation', 'spel', 100, 100),
('Verbal Reasoning', 'verb', 100, 100),
('Vocational Attitude', 'voca', 100, 100),
('Writing', 'writ', 100, 100);

--
-- Indexes for dumped tables
--

--
-- Indexes for table `class`
--
ALTER TABLE `class`
  ADD PRIMARY KEY (`class_id`);

--
-- Indexes for table `member`
--
ALTER TABLE `member`
  ADD PRIMARY KEY (`sub_id`,`class_id`);

--
-- Indexes for table `offer`
--
ALTER TABLE `offer`
  ADD PRIMARY KEY (`reg_no`,`sub_id`),
  ADD KEY `offer_ibfk_1` (`sub_id`);

--
-- Indexes for table `psychomotor`
--
ALTER TABLE `psychomotor`
  ADD PRIMARY KEY (`reg_no`);

--
-- Indexes for table `student`
--
ALTER TABLE `student`
  ADD PRIMARY KEY (`reg_no`);

--
-- Indexes for table `subject`
--
ALTER TABLE `subject`
  ADD PRIMARY KEY (`sub_id`);
COMMIT;

/*!40101 SET CHARACTER_SET_CLIENT=@OLD_CHARACTER_SET_CLIENT */;
/*!40101 SET CHARACTER_SET_RESULTS=@OLD_CHARACTER_SET_RESULTS */;
/*!40101 SET COLLATION_CONNECTION=@OLD_COLLATION_CONNECTION */;
